subcategoria,categoria
conciertos-festivales,Arte y cultura
conciertos-festivales,Vida nocturna
cultura-arte-moda,Arte y cultura
terrazas-y-rooftops,Gastronomía
vida-nocturna-clubs,Vida nocturna
fabrik,Vida nocturna
monologos,Arte y cultura
parque-atracciones,Entretenimiento
brunch,Gastronomía
deportes-aventura,Deporte y actividad física
teatro-eslava,Vida nocturna
musicales,Arte y cultura
exposiciones,Arte y cultura
actividades-juegos,Entretenimiento
gastronomia,Gastronomía
cine,Entretenimiento
bebidas-afterwork,Vida nocturna
planes-aire-libre,Planes al aire libre
magia-mentalismo,Entretenimiento
teatro,Arte y cultura
teatro,Entretenimiento
museos-galerias-arte,Arte y cultura
belleza-bienestar,Relax y bienestar
autocine,Entretenimiento
autocine,Vida nocturna
festivales,Vida nocturna
la-chocita-del-loro,Entretenimiento
flamenco,Entretenimiento
flamenco,Arte y cultura
teatro-comedia-espectaculos,Entretenimiento
teatro-comedia-espectaculos,Arte y cultura
juegos-de-escape,Entretenimiento
cursos-fotorgrafia,Entretenimiento
clases-baile,Entretenimiento
v-cata-de-vinos,Gastronomía
v-espectaculos,Entretenimiento
carreras,Entretenimiento
bolos,Entretenimiento
paintball,Deporte y actividad física
paintball,Planes al aire libre
equitacion,Deporte y actividad física
equitacion,Planes al aire libre
v-escalada,Deporte y actividad física
v-esqui-y-snowboard,Deporte y actividad física
deportes-acuaticos,Deporte y actividad física
patinaje-sobre-hielo,Deporte y actividad física
v-golf,Deporte y actividad física
parapente,Deporte y actividad física
tours-de-vinos,Gastronomía
excursiones-por-la-ciudad-y-lugares-de-interes,Planes al aire libre
excursiones-por-la-ciudad-y-lugares-de-interes,Arte y cultura
excursiones-y-aventuras-al-aire-libre,Planes al aire libre
excursiones-y-aventuras-al-aire-libre,Arte y cultura
tour-de-vuelo,Entretenimiento
day-spa,Relax y bienestar
restaurantes,Gastronomía
